Column1,Column2,Column3,Column4,Column5
0.3024207548351799,0.09943237599516501,0.348619950433677,0.16107255018696848,0.08845436854900957
0.045725000686642106,0.10937107766094521,0.4377737707779048,0.08555510676801788,0.32157504410649
0.11245722974905492,0.30629540206500644,0.13802842122566725,0.2776762922750962,0.16554265468517534
0.26594937170041927,0.21561676385751824,0.21993719472537923,0.18477414925213728,0.11372252046454573
0.2051698579561453,0.035110199779845204,0.2485261557622722,0.20348124279913377,0.30771254370260337
