Column1,Column2,Column3,Column4,Column5
0.28277170998685114,0.1279787881591047,0.3204229603686419,0.16627709360036405,0.10254944788503828
0.058876141626774445,0.15043454676027418,0.35428876133367737,0.15046253588352695,0.285938014395747
0.13663724597931107,0.2742963477804473,0.16844212818008797,0.24984237346051197,0.17078190459964185
0.24025970339039385,0.21455912285061363,0.20955852161367025,0.18661037495531144,0.14901227719001078
0.20459680950960094,0.06098627096207035,0.24122837297053173,0.20583526867251778,0.28735327788527915
