Column1,Column2,Column3,Column4,Column5
0.303014635810756,0.1004560103541862,0.35563560432657576,0.15220347329535944,0.08869027621312259
0.04436304752910796,0.1086405361459144,0.4294658548018574,0.09355488544703988,0.32397567607608035
0.11365385955920512,0.30877189665518945,0.14200062710883873,0.270459727106146,0.16511388957062068
0.2669078868044651,0.2079492798006413,0.2200805626227101,0.1892022242878798,0.11586004648430367
0.2022881984136683,0.040248050456247235,0.2477692530313511,0.20251417479079972,0.30718032330793354
