Column1,Column2,Column3,Column4,Column5
0.2814129549731229,0.11422290639974245,0.3117081499703935,0.15801539784011062,0.13464059081663035
0.06907423752923161,0.15667181833010382,0.33977206309082425,0.15377445476452403,0.28070742628531636
0.12097024872402087,0.2325604302613115,0.24406433606029065,0.19976998712065624,0.20263499783372058
0.31209427703406095,0.21971337767627425,0.1309251287242463,0.1980805624904907,0.13918665407492783
0.21404973644591055,0.0621715189142429,0.2680617902011165,0.1580937049655825,0.2976232494731476
