Column1,Column2,Column3,Column4,Column5
0.2835792042376299,0.11050774480926287,0.31406950010243956,0.15862690636822604,0.1332166444824417
0.06391410500538039,0.16085630753788657,0.34452455716769603,0.15315458370303917,0.2775504465859978
0.1290389308155183,0.23745448934257757,0.22892496748460095,0.19885694474843926,0.20572466760886382
0.2998861853449362,0.22695353307515065,0.13353542392942797,0.19743906116608062,0.1421857964844047
0.2176025334762199,0.05914576445712904,0.26635681331792466,0.1588922047365898,0.29800268401213675
