Column1,Column2,Column3,Column4,Column5
0.29939896132418065,0.10256899421067532,0.3500422030860124,0.15666031044298692,0.0913295309361448
0.045610807639462306,0.11892723120949877,0.4270702483326889,0.09427328110169195,0.3141184317166578
0.11494457567042864,0.3055513906166408,0.14053451695492927,0.27269273806926925,0.1662767786887322
0.26380424553327503,0.20663199909649832,0.2236339282496394,0.18201735820736162,0.12391246891322553
0.204465998601379,0.04051260666799775,0.24620341723091327,0.20787582889595693,0.30094214860375307
