Column1,Column2,Column3,Column4,Column5
0.005343095223773275,0.14566551975794376,0.0929321592644589,0.2635981986337871,0.49246102712003686
0.07472236594789194,0.26334212160766424,0.3073445905610714,0.04283021931979633,0.311760702563576
0.34910873851026186,0.23752602289209593,0.32440164372567915,0.061496833595145864,0.027466761276817065
0.3298535416290617,0.04393275085281988,0.2710117151516083,0.35490642622606927,0.0002955661404408681
0.10304282353025464,0.23442966437566126,0.20171128790958498,0.22691056146287725,0.23390566272162194
