Column1,Column2,Column3,Column4,Column5
0.28212960857053127,0.11201106100459293,0.3076030163482695,0.17007474596221128,0.12818156811439504
0.06273175145339258,0.15852345085967232,0.3515659183719985,0.14031945850133548,0.28685942081360083
0.1254899422354379,0.2391001264447044,0.23276420439798368,0.2068896081923564,0.19575611872951798
0.3021126887259429,0.22119189388920113,0.12897402054529802,0.20271643236819253,0.14500496447136543
0.21785797625574346,0.055108938473645126,0.2772492168885231,0.1517901557572979,0.2979937126247903
