Column1,Column2,Column3,Column4,Column5
0.28131356376058414,0.11292887762516227,0.3110178832161179,0.16074224484694274,0.13399743055119304
0.06722450552016875,0.16316764432009712,0.33683252939364006,0.15392442020633076,0.2788509005597634
0.12520606221344108,0.2308087220268117,0.24484848214321078,0.1975927759709375,0.2015439576455991
0.30264252904347605,0.22563951837356694,0.1262621653334249,0.2064500226813052,0.13900576456822714
0.21719671842661312,0.059248466059100835,0.2688140219663266,0.15652102736096066,0.29821976618699875
