Column1,Column2,Column3,Column4,Column5
0.01854734922209917,0.14917665622464465,0.11523698005458642,0.24782638619998754,0.46921262829868227
0.10962775119784104,0.25407001638345483,0.2722040794514051,0.08238757989395086,0.28171057307334807
0.3320871446949648,0.23743234349513825,0.2984573851108827,0.08499593725612095,0.047027189442893226
0.30849634236288775,0.09391400122619357,0.2548415004760043,0.3159994986721269,0.026748657262787353
0.12032242032389759,0.2255045206878316,0.207028740378514,0.21526521200901796,0.2318791066007388
