Column1,Column2,Column3,Column4,Column5
0.2806934857698114,0.1275875459414287,0.3200220065020864,0.16964538172607976,0.10205158006059363
0.05884162761557756,0.1547672699576194,0.3495085026571315,0.15256029317266018,0.2843223065970113
0.13715533354179962,0.2700062413118234,0.1757681120037467,0.24365925374777772,0.1734110593948526
0.2390936019148972,0.21373311541074738,0.20847355798228168,0.19044751500091778,0.14825220969115602
0.20735284459679232,0.06205898547737351,0.23824636012884967,0.20587748493264765,0.2864643248643369
