Column1,Column2,Column3,Column4,Column5
0.28294507211613396,0.1087789832589033,0.3125109710959428,0.16536410768677565,0.1304008658422444
0.06370223168972008,0.16021480742596475,0.3420903426680959,0.15645577302094815,0.277536845195271
0.12939117198534586,0.23178040011647438,0.2392255418791346,0.1976304804077391,0.2019724056113061
0.29507107199366767,0.23736229572922593,0.12003141966254602,0.20640323080590034,0.14113198180866007
0.2182672942372935,0.05264290672970173,0.273385863913574,0.16014754378324028,0.2955563913361905
