Column1,Column2,Column3,Column4,Column5
0.3016880851434082,0.09444862098911515,0.3574298785132711,0.15883475121138924,0.08759866414281627
0.04443692147166476,0.11893605042002804,0.42908739400267076,0.08416626074276333,0.3233733733628731
0.11193512552853581,0.3034766963159076,0.14046677934577617,0.2768247022991207,0.16729669651065973
0.26914100927643214,0.21094370905416424,0.2199590908202031,0.1839977875123883,0.11595840333681223
0.20362442421710927,0.037628416111221905,0.24798827869347287,0.20614470665643447,0.30461417432176147
