Column1,Column2,Column3,Column4,Column5
0.2830896445178895,0.11193518926012173,0.3153277603995949,0.15644715669034306,0.13320024913205086
0.06658937018138239,0.15756621389713413,0.3443019485677935,0.15542845879116537,0.2761140085625247
0.12474352625502365,0.2381253817298078,0.23407622076927592,0.20113944340140466,0.20191542784448802
0.30171560071013487,0.22314152235248666,0.12838426711646314,0.20825726445342765,0.13850134536748762
0.21346833554539324,0.058486816758759975,0.27260189580654953,0.15976097419854524,0.29568197769075205
