Column1,Column2,Column3,Column4,Column5
0.2818884710172426,0.1328698861025704,0.31566417651656786,0.17136382774971595,0.09821363861390328
0.05691767331706509,0.15254185862751746,0.35154279575784375,0.1531435164246179,0.2858541558729557
0.1378076172681447,0.2717815635715978,0.16593266219557823,0.2489685795752448,0.17550957738943448
0.2381253762503825,0.2135729401024206,0.21271393510783276,0.18934332266279183,0.14624442587657246
0.20668678327432768,0.06311672051883084,0.23570466509710647,0.20545822345712927,0.28903360765260583
