Column1,Column2,Column3,Column4,Column5
0.3017215831689303,0.10172328927523232,0.3513911941090684,0.15539220032137638,0.0897717331253926
0.045272777012059125,0.11121958201722501,0.42580557441367417,0.09527349522718365,0.3224285713298579
0.11580789242845957,0.30278635720421454,0.1461036884641367,0.2716727587808925,0.16362930312229662
0.26436049610653845,0.20925152085026333,0.21641521244704287,0.19147513934770138,0.11849763124845393
0.20149327445657067,0.04563968359582963,0.24147862511503623,0.20789761573134324,0.3034908011012203
