Column1,Column2,Column3,Column4,Column5
0.28394103926529346,0.11386242281251392,0.308498157187925,0.1616511265605434,0.1320472541737242
0.06647415585303762,0.14843056024534287,0.3616087869144076,0.14173337460573518,0.28175312238147676
0.11977427965799775,0.2417067866204448,0.2282303434472554,0.20671013447844425,0.20357845579585793
0.3112500803455083,0.21197112241556113,0.14702725997332336,0.18663478371827966,0.14311675354732772
0.2133213961887202,0.05804274532844634,0.27202518781695567,0.16130695101434592,0.29530371965153185
