Column1,Column2,Column3,Column4,Column5
0.30475123060206677,0.09583418048816514,0.35714185172523527,0.15378721243179094,0.08848552475274173
0.03878205451133535,0.11463287500183596,0.42872290743864916,0.09382372802325867,0.32403843502492086
0.1179753564505951,0.3003385227564298,0.14454542444958282,0.27274122757403235,0.1643994687693598
0.2617895123899352,0.21371666112972237,0.22073347725080397,0.18477100470443186,0.11898934452510666
0.20403158888170284,0.03921911198513288,0.24510311950669614,0.2077743067546802,0.30387187287178796
