Column1,Column2,Column3,Column4,Column5
0.026498162081030927,0.15049601850937214,0.11208319174434626,0.24844957715743232,0.46247305050781834
0.12607561649020171,0.2459179824744719,0.2728510001154008,0.07906781418924543,0.27608758673067996
0.3102211498224494,0.2453333653080531,0.29860338333221886,0.09269294711418322,0.05314915442309511
0.317582235426589,0.09520977379001629,0.24910182095969763,0.2871283967595326,0.0509777730641645
0.1322635509770195,0.2202987849272281,0.20768870176090604,0.214088514106695,0.22566044822815143
