Column1,Column2,Column3,Column4,Column5
0.3040470778890016,0.09853917782734246,0.3520080780302968,0.15718917706410557,0.08821648918925354
0.04115392713090401,0.11489668505646353,0.42822016027535087,0.09309123433184141,0.32263799320544
0.11412531027530619,0.30273133616369763,0.1439740153883985,0.27384293909013796,0.16532639908245972
0.2697082493292155,0.20815308858902293,0.2176317401836981,0.18523370023673955,0.11927322166132384
0.20081546530620423,0.040626533842030715,0.24933063012159157,0.20619298674693953,0.303034383983234
