Column1,Column2,Column3,Column4,Column5
0.28364534760661303,0.127345896528264,0.3221312478194248,0.16584335958455873,0.10103414846113945
0.05813112905203011,0.15150715954312047,0.35455185012469687,0.1510258308763543,0.28478403040379807
0.13544827011945854,0.27552879322892826,0.16832837793027963,0.2430381184597536,0.17765644026157998
0.2450790123490181,0.20547833384998743,0.21712797688981023,0.1881589974820566,0.14415567942912763
0.20225956819732513,0.06935441995930743,0.2306512395788563,0.21014200844819766,0.2875927638163133
