Column1,Column2,Column3,Column4,Column5
0.2817739090480434,0.1185993094164936,0.3055879022974213,0.1639969910652932,0.13004188817274853
0.06802642053303927,0.153175418297251,0.35853362233353214,0.13350127407970444,0.28676326475647324
0.11897751002853067,0.23925913035642382,0.22943349188010856,0.2153775441910761,0.1969523235438606
0.31176871581681537,0.21001499407163324,0.15082897706032442,0.1816365081117695,0.1457508049394574
0.21506451367720064,0.057622020889116055,0.26474795810601187,0.16676372378321394,0.2958017835444576
