Column1,Column2,Column3,Column4,Column5
0.30183842324551813,0.10333811747691671,0.3502981777220123,0.1570584340154489,0.08746684754010416
0.0430526771501833,0.1207170521834329,0.4192700233095549,0.10000109116883918,0.3169591561879897
0.11672342341889844,0.30032535929241055,0.14454669032639164,0.27167084312096024,0.16673368384133905
0.2618272788689777,0.20914347811302567,0.22187118415867504,0.18588044195170492,0.12127761690761665
0.2036337078648582,0.04204050195334727,0.24389706062554814,0.207403280670118,0.3030254488861285
