Column1,Column2,Column3,Column4,Column5
0.3040841752668192,0.09670278712490049,0.3605799507815395,0.14974478006217729,0.08888830676456373
0.045468907386202705,0.10680298818253275,0.42527109625365966,0.09824901997947842,0.32420798819812635
0.11133974005644348,0.3097823923297893,0.14144045575401146,0.27344015952583844,0.1639972523339172
0.26687425294185035,0.20958665365791035,0.21744836022101285,0.18901038659687028,0.11708034658235605
0.20164059581350832,0.04076245867277117,0.2487309050379585,0.20330710876079242,0.30555893171496956
