Column1,Column2,Column3,Column4,Column5
0.28261128553905385,0.1312913307868447,0.31628195172292467,0.1689032404163477,0.10091219153482912
0.060190765691703764,0.15012901020511565,0.34901812109062746,0.15891187691849173,0.28175022609406125
0.13416081833239002,0.272484544503783,0.17183288939227417,0.24513222132322043,0.17638952644833236
0.24430623774192267,0.20871728563249262,0.21277270162255918,0.1886962280259788,0.1455075469770468
0.2034964193902445,0.0682769249548076,0.22898896582499292,0.2136653437043837,0.28557234612557136
