Column1,Column2,Column3,Column4,Column5
0.28250819675235755,0.1283657641407073,0.31633695880183654,0.17033523549871435,0.10245384480638427
0.059165986668842915,0.14628530339680168,0.3596399004666438,0.1489547112495046,0.28595409821820694
0.13573195469999028,0.27344676843820387,0.16982017167097482,0.24623328304531422,0.17476782214551684
0.24377001146204166,0.2084724849055503,0.21549905759145319,0.18531388415399022,0.1469445618869646
0.2058782080692572,0.06384660141444548,0.23672280257866476,0.20830207185797633,0.28525031607965623
