Column1,Column2,Column3,Column4,Column5
0.30061751099259254,0.10183667498923564,0.352822914916743,0.15456478092409506,0.09015811817733387
0.046457261367296256,0.11257774275824674,0.4227734767795732,0.10054932125911106,0.3176421978357728
0.1144102650418677,0.30605798890327396,0.14287053050789625,0.2701809419867763,0.16648027356018585
0.2708396723161704,0.20225435411983952,0.22522827930126318,0.18261508085636077,0.11906261340636619
0.19834980149113457,0.044156266121553246,0.24578603019863626,0.20582114768364398,0.30588675450503194
