Column1,Column2,Column3,Column4,Column5
0.30009740682065433,0.10623382085958698,0.3491212465996015,0.15613922363214297,0.08840830208801434
0.04265284610654073,0.11540304850162503,0.4249582547998814,0.09385766313036133,0.3231281874615914
0.11950785275470072,0.3021953897526066,0.1420281319530336,0.2755300045906953,0.1607386209489637
0.2604151726985868,0.20934141535458609,0.22644233704122066,0.17912665150525925,0.12467442340034723
0.2035103805259764,0.04257451498834667,0.23971324747915979,0.21332198528302185,0.30087987172349523
