Column1,Column2,Column3,Column4,Column5
0.03469902406621409,0.14961728339173755,0.0961957736831766,0.22929117570845362,0.49019674315041806
0.11398672493614635,0.2716110088422947,0.25833015159689976,0.07865700130673577,0.2774151133179233
0.29618938419477947,0.21713666907188217,0.3663526347682631,0.05467325406215092,0.06564805790292434
0.36671009280202993,0.07709417998941252,0.20702044867669983,0.2995621925137657,0.04961308601809204
0.14030385817939373,0.21832926175341955,0.22323794184934903,0.19205608490648726,0.2260728533113504
