Column1,Column2,Column3,Column4,Column5
0.2815421114283211,0.12785089357185683,0.3233625108802264,0.16590201076345407,0.10134247335614154
0.05699742502483054,0.15098742589570985,0.3543568804720234,0.1504128488121645,0.2872454197952719
0.13673978553719843,0.2717260722383758,0.170071754715752,0.2474275972060866,0.17403479030258714
0.2439096041600112,0.21277815133139213,0.2076613521287834,0.18866069324085066,0.14699019913896264
0.20674338829824504,0.06073259905845948,0.24007635235669714,0.2053583387083667,0.28708932157823175
