Column1,Column2,Column3,Column4,Column5
0.2803092725355509,0.13344088151677141,0.315468122805933,0.17090269537234312,0.09987902776940158
0.05977168797720276,0.1494562680579863,0.3519992531826219,0.15080273979932582,0.28797005098286305
0.13790351335787734,0.27494524546259136,0.16993893821487005,0.24527461098859965,0.1719376919760615
0.2398890665318526,0.20891245346153287,0.2132438085590642,0.18870036743562543,0.14925430401192497
0.20517470709022162,0.06496317185647896,0.23306576409129393,0.21228860668208943,0.284507750279916
