Column1,Column2,Column3,Column4,Column5
0.3022106596468725,0.10464185321409177,0.34873289355586795,0.15414645788055084,0.090268135702617
0.04262858303590728,0.1152489099900981,0.4207429052561282,0.10468368003948095,0.31669592167838556
0.11826343609307817,0.29843467313143285,0.14958022231115334,0.268394739820433,0.1653269286439028
0.2623376236813876,0.21047952765415462,0.2217025494044852,0.18065610745762234,0.12482419180235024
0.20225297333148304,0.04580823887888591,0.23847877688846575,0.21169934533675466,0.3017606655644105
