Column1,Column2,Column3,Column4,Column5
0.009019264240489187,0.14630868365401276,0.10135484932799227,0.2593218538330861,0.48399534894441976
0.0863002736217422,0.2596052414326685,0.2984062352552125,0.05830836327449868,0.29737988641587787
0.34481028978452555,0.23839915893425848,0.3097357727982322,0.07299516290002023,0.0340596155829635
0.3196366367258917,0.06679181045676565,0.26487459039192157,0.3453891444164847,0.0033078180089364233
0.10980851351047426,0.2296978142558347,0.20092357075557832,0.22214889075817612,0.2374212107199366
