Column1,Column2,Column3,Column4,Column5
0.30281057329065303,0.10252860976482765,0.35210640086370515,0.15395202847130796,0.08860238760950633
0.040933840995006826,0.10641234335737058,0.44162844137659335,0.08330485793814893,0.32772051633288013
0.113157078017046,0.30731612628382593,0.13866837066439078,0.2761707484635688,0.16468767657116837
0.2727099261239429,0.20175116043003558,0.22960681158613566,0.18224035898454694,0.11369174287533897
0.20138761624286275,0.04175252219055803,0.2457924969481122,0.20384459373795538,0.30722277088051164
