Column1,Column2,Column3,Column4,Column5
0.030371056701917403,0.1582842248952727,0.10534260339344956,0.24137967493959653,0.4646224400697637
0.12682465028951714,0.24463986790412576,0.2770848657148093,0.06878353218248094,0.282667083909067
0.30047338824914027,0.2457289449801104,0.3097070758194078,0.08129393899087822,0.06279665196046318
0.3367953909439861,0.07941798104362068,0.23561436711614683,0.29261128006158,0.05556098083466639
0.13424123873043156,0.2266002006371865,0.2080874719821273,0.20714065351235186,0.2239304351379028
