Column1,Column2,Column3,Column4,Column5
0.303120010212345,0.10153033815737102,0.34665745188751457,0.16287596394239504,0.08581623580037429
0.04305222275778057,0.11434391466354445,0.4275673591970508,0.09504700056951917,0.319989502812105
0.11462533751525969,0.30290253892771507,0.1440665124165722,0.2687730432222745,0.16963256791817835
0.26762162281892826,0.20788146872686306,0.22113421494953397,0.18622094165705383,0.11714175184762084
0.2005599187275376,0.045147424186445816,0.24203555216803255,0.20797344808627888,0.3042836568317052
