Column1,Column2,Column3,Column4,Column5
0.30405293054251714,0.09405853218682839,0.3611578043847979,0.1504769645110856,0.09025376837477106
0.04191164796355103,0.1168650715703218,0.4248839877404057,0.09667739100628021,0.3196619017194413
0.11302164293723996,0.3074323383461147,0.1424059437178097,0.27214375908594374,0.16499631591289185
0.2670429484695145,0.20427698659086913,0.22292152795525616,0.1880150621788968,0.11774347480546345
0.20525477203429193,0.03794412698385867,0.24791100153131415,0.20605824132635425,0.3028318581241811
