Column1,Column2,Column3,Column4,Column5
0.3000841513078761,0.1055341849335507,0.34736625404150834,0.15602334859721484,0.09099206111985014
0.047903258581113856,0.11145741561001335,0.4233946256423944,0.10555584440001645,0.3116888557664619
0.11289449846846406,0.3040342939518566,0.14661983399386108,0.2695464532100021,0.166904920375816
0.2640658322219079,0.21194106093726892,0.21258891905506536,0.19016028646587807,0.12124390131987972
0.20187940344321595,0.04355085597116642,0.24653114810483936,0.20731843054570726,0.300720161935071
