Column1,Column2,Column3,Column4,Column5
0.05476332507022607,0.1612578945028014,0.09679975298981901,0.17264757993220345,0.51453144750495
0.10361444869912319,0.40498341587028575,0.10690831199540883,0.17158309190856333,0.21291073152661893
0.25082030547185863,0.11182438940408244,0.4884378061508808,0.0008783997365588356,0.1480390992366196
0.5224140424411247,0.06831876797962917,0.09493663546822871,0.27502020044288195,0.03931035366813543
0.1594304125297868,0.2265854456380736,0.23718180453710166,0.1422997751530914,0.23450256214194642
