Column1,Column2,Column3,Column4,Column5
0.2748261102657108,0.1555272218881667,0.22142633386278174,0.1821152585083924,0.16610507547494838
0.07036028760712783,0.2572148689201461,0.08850760412476764,0.37442549787349727,0.20949174147446123
0.10220729123929825,0.17048879128827146,0.41552194166333833,0.07617646948214349,0.23560550632694832
0.389163258571582,0.16590868658672903,0.014424509405086869,0.19004644394816475,0.24045710148843716
0.23252506727531214,0.07795756010177554,0.2983600378679494,0.1296579016083784,0.26149943314658447
