Column1,Column2,Column3,Column4,Column5
0.2802864070758952,0.14481572522397787,0.22661060747283912,0.17964160483395528,0.1686456553933326
0.06040034506657342,0.28760671987345376,0.07252400771387066,0.37204137634206114,0.2074275510040408
0.10414376526077825,0.16403609567152874,0.4164711619620833,0.0799266886427671,0.23542228846284263
0.3849906209766095,0.17786403488446176,0.012102134244637712,0.1845792243127758,0.24046398558151516
0.23370876708889535,0.07244693604699785,0.29918181332500043,0.12910559613748185,0.2655568874016246
