Column1,Column2,Column3,Column4,Column5
0.2788578427190326,0.15908357753529462,0.20012673619403593,0.19198860377271795,0.1699432397789189
0.05892476264605559,0.30774345439597334,0.05345230630452372,0.3879323289108454,0.19194714774260208
0.10792472210384708,0.14044924789142932,0.45418504683568683,0.06572023970849918,0.2317207434605376
0.37568240312017015,0.1685608030063503,0.011488885295291967,0.19413047119145546,0.25013743738673205
0.23600533088894493,0.09036766540243533,0.28522481281969564,0.12962026064309265,0.2587819302458314
