Column1,Column2,Column3,Column4,Column5
0.2776763218370849,0.1491963466767888,0.22408866777894296,0.17580343499730688,0.17323522870987637
0.06616882800251982,0.2690453213448806,0.08334644563074504,0.37517960188864324,0.20625980313321146
0.10286861369020428,0.17000905427357824,0.41651416682496384,0.07914188218250574,0.23146628302874783
0.3861632626495736,0.16445986947464944,0.011493900986656891,0.18549281751101754,0.25239014937810245
0.2363194620962276,0.07754491926518067,0.29657007308395045,0.1282664239446484,0.2612991216099928
