Column1,Column2,Column3,Column4,Column5
0.27534064752843057,0.16483116427487277,0.19625220963454448,0.19516195807155537,0.16841402049059676
0.06291796169087613,0.2970982639407952,0.06892383738270097,0.3765767168394971,0.1944832201461304
0.10314081094422893,0.14540138263014005,0.44736008305473945,0.07148739764005844,0.23261032573083298
0.3840193231648658,0.16917021624571554,0.010892668621349511,0.19230701946494858,0.2436107725031205
0.2359402969049384,0.08580599578705357,0.28650926529342347,0.12740451635572872,0.26433992565885606
