Column1,Column2,Column3,Column4,Column5
0.2770306279539763,0.15456821679996854,0.21641731631815025,0.1797540999497682,0.17222973897813681
0.060957538098677044,0.2821265563953233,0.08291825185666898,0.3783858345709383,0.19561181907839242
0.10792894455310488,0.16023780639259416,0.4166432044945807,0.07188459389152504,0.243305450668195
0.38528176513263634,0.1731503051741483,0.016584682161994786,0.19038341933067884,0.23459982820054168
0.2362874546626771,0.0748979800620504,0.297543120044291,0.1241309444485996,0.26714050078238205
