Column1,Column2,Column3,Column4,Column5
0.27602239924314587,0.16035983458504333,0.20411082694449284,0.18828409904191615,0.17122284018540182
0.06495202294558246,0.2918751788135858,0.07457131591181783,0.3745021418626635,0.1940993404663505
0.10384096237443552,0.14893299706282828,0.4469192243755071,0.06758378152747824,0.23272303465975083
0.3789258132484362,0.16982859260582617,0.010737545400560503,0.19597655708367023,0.2445314916615068
0.23529821046708205,0.09121421452726564,0.28609598142076237,0.12554356269803593,0.26184803088685416
