Column1,Column2,Column3,Column4,Column5
0.2778411626799707,0.14711239033336138,0.23217587488091082,0.1696217999101906,0.17324877219556623
0.06608546518810733,0.2712189825624409,0.07494011168109983,0.38068042310452627,0.2070750174638256
0.10535731153676799,0.16388233377528524,0.41579365165634613,0.07715877228116179,0.2378079307504387
0.3811973763489906,0.17463964456099623,0.017041317816901665,0.18556005931912523,0.24156160195398624
0.23748384490311703,0.07583565891865132,0.29438571571967953,0.12805164057830704,0.26424313988024506
