Column1,Column2,Column3,Column4,Column5
0.2775652449771888,0.11249898427911374,0.3122644854137702,0.16256578706774563,0.1351054982621816
0.06735153412570842,0.15812526486295778,0.35246404982002305,0.1484056216546701,0.2736535295366406
0.12871712347482367,0.2284652999551549,0.23881017373541683,0.19972218832739697,0.20428521450720769
0.29999485747980553,0.23468891389220564,0.1191933938800856,0.21022728386372544,0.13589555088417804
0.21424547724957207,0.05589003671455112,0.26976821665557504,0.15870312178578977,0.301393147594512
