Column1,Column2,Column3,Column4,Column5
0.28030105410693035,0.1313357611518891,0.31613406343580724,0.17437165711628091,0.09785746418909234
0.06151265629762518,0.14900201800458834,0.3496996755851449,0.15269165832147763,0.28709399179116396
0.13291860630855817,0.2746914524737265,0.17073732338341893,0.24845458558047165,0.17319803225382466
0.24540660282470686,0.21046484484292668,0.2100953626496769,0.18805746017115632,0.14597572951153326
0.200835796616724,0.0685159066532567,0.23135718818355744,0.21106908366255847,0.28822202488390336
