Column1,Column2,Column3,Column4,Column5
0.2930230277374554,0.11582936633642203,0.33185917599944065,0.16496626425948732,0.09432216566719463
0.05110712561051647,0.12641539089147805,0.397219237477912,0.12363275556792801,0.3016254904521655
0.12368855044910057,0.2893622487465062,0.15749680501665114,0.2587560198243955,0.17069637596334664
0.2538664368158872,0.2079512011911562,0.21707257790372989,0.1903639474963317,0.13074583659289496
0.2041982659435749,0.05164085691974717,0.2395839851649213,0.2089056783755759,0.2956712135961808
