Column1,Column2,Column3,Column4,Column5
0.2933530673590377,0.11648411264907789,0.3288810518884062,0.16833929389420188,0.09294247420927629
0.05014684730163327,0.1384569032569157,0.3844110260775421,0.12468527446530044,0.3022999488986085
0.12563425124510869,0.28583108089176346,0.16266977350453093,0.25677534290237486,0.16908955145622215
0.24944388937654027,0.21357484973285423,0.2125881580977805,0.19038044943627278,0.13401265335655205
0.20368141580703383,0.05599117595061237,0.2325688841889163,0.21308018909330412,0.2946783349601334
