Column1,Column2,Column3,Column4,Column5
0.29802741508131203,0.10401159535224333,0.3530471010946389,0.15430995591933816,0.09060393255246774
0.04788332772272898,0.1175352417015059,0.42016789740375077,0.09943464528626461,0.31497888788574974
0.11506897422259582,0.30304078731092704,0.1444026172559447,0.2681161814804577,0.16937143973007482
0.2623672761026477,0.214228314575833,0.21848517237206405,0.1881088079089798,0.11681042904047544
0.20297160668361688,0.040926568078041875,0.2453633470045655,0.20845923798799457,0.302279240245781
