Column1,Column2,Column3,Column4,Column5
0.2924855925467301,0.11394953404608445,0.33416910020143353,0.1620282128714685,0.09736756033428358
0.048828734599505694,0.13503476592286748,0.38986808047789395,0.127190489580371,0.29907792941936195
0.12571576175027796,0.28642098139242467,0.16007129346020296,0.25558468411210383,0.1722072792849905
0.25317626235681717,0.20925351402113107,0.21530046797892957,0.18874702566284776,0.1335227299802743
0.20418645120270787,0.05129754056827286,0.24107864305603272,0.2082923672619894,0.2951449979109973
