Column1,Column2,Column3,Column4,Column5
0.30553385585522846,0.09672437676913138,0.3550016516004853,0.15493552458803658,0.08780459118711825
0.04101265001368321,0.116250591686567,0.4302149873781098,0.08991682252071133,0.32260494840092846
0.1143621914171324,0.30794298528502323,0.14108744821325506,0.2717096885109156,0.1648976865736737
0.2664428317100613,0.20720283796475333,0.2214567257429182,0.19007842984955958,0.1148191747327076
0.20173681006504413,0.04063118784638708,0.2429957143068715,0.20810290465951928,0.306533383122178
