Column1,Column2,Column3,Column4,Column5
0.28231746326489277,0.12933995222083833,0.32038932996939706,0.16577690484620858,0.10217634969866328
0.0578586264009015,0.15083692303459806,0.3553360378463677,0.14930803309954324,0.28666037961858953
0.1361963901462454,0.2695673295516601,0.17315623224433357,0.2467886213208506,0.1742914267369103
0.24386098260180808,0.21057421490129227,0.2102199682353323,0.18565083656972353,0.14969399769184394
0.20458532953179306,0.0631925288486884,0.23599879768492588,0.21073050055613318,0.2854928433784595
