Column1,Column2,Column3,Column4,Column5
0.29969616137200866,0.10068238085519524,0.3487313527277607,0.16081759202984378,0.09007251301519185
0.046800133003864854,0.11853626608637084,0.41973664941992095,0.09715862815849338,0.31776832333135013
0.11531189045363212,0.30030108133366157,0.14768227171293957,0.26827560528890176,0.16842915121086507
0.2658253437324011,0.20796963416462508,0.22485139655962794,0.18312555588304674,0.11822806966029929
0.20335327424773503,0.04243210809837794,0.24412735279803754,0.20636966070877164,0.3037176041470778
