Column1,Column2,Column3,Column4,Column5
0.3030500217462105,0.0988828751042142,0.35322268027526527,0.15470812562467431,0.09013629724963575
0.04701894331542071,0.10045036220911845,0.43950590241588716,0.09089586300360598,0.32212892905596757
0.11042186101547398,0.3128405861138652,0.13914669320972206,0.2711814658395956,0.16640939382134318
0.2735203468238547,0.20142092251158172,0.22786755456420146,0.17939199350700577,0.1177991825933564
0.20026670162964003,0.04128130658821241,0.2440170572527857,0.20990273258728434,0.3045322019420775
