Column1,Column2,Column3,Column4,Column5
0.2734387064791792,0.11351436308855702,0.3135195504042357,0.16392713478164536,0.13560024524638278
0.0686659864890218,0.16124608397165655,0.3514141703247558,0.14861444340969648,0.27005931580486936
0.12793412416678182,0.23545409947663531,0.2286685397306951,0.20195097366296952,0.2059922629629183
0.30493841350035633,0.2287204040370476,0.1189840199937686,0.21412286747935297,0.1332342949894744
0.21182377278225112,0.05596284428404366,0.2756973226258913,0.1556685781520754,0.3008474821557384
