Column1,Column2,Column3,Column4,Column5
0.28349826969171676,0.13129527631949534,0.313064899504886,0.17365114841193788,0.09849040607196405
0.05575313827988292,0.14647560132308812,0.36067258437902755,0.14919586490815112,0.2879028111098503
0.13866337141710047,0.271994602403494,0.17022986416748348,0.24383070746886934,0.17528145454305258
0.23834719124324652,0.2095020521174802,0.21862278369399749,0.18693026258184878,0.14659771036342692
0.20687549955461182,0.06579750494934097,0.2317355596561557,0.20813952792464724,0.2874519079152444
