Column1,Column2,Column3,Column4,Column5
0.2803946620593691,0.11314927930901397,0.3092965648212607,0.16560800437395262,0.13155148943640355
0.06682006979060513,0.15240330048121573,0.3611707891676408,0.14067549617187652,0.27893034438866166
0.11999822442756043,0.23828533065072485,0.2345138226954298,0.20358633855243408,0.2036162836738509
0.30785664881180935,0.21363629035713952,0.14202928742841742,0.19351552980441297,0.14296224359822063
0.21549395566139407,0.05842558698548165,0.2702337055360151,0.1576674369905588,0.29817931482655047
