Column1,Column2,Column3,Column4,Column5
0.28418898551831084,0.12655294219474833,0.31775387879537154,0.17210985975516063,0.0993943337364087
0.0548455389945469,0.15470352059016362,0.3550171878500743,0.14760422353468855,0.28782952903052655
0.13812723383770892,0.2679840680614998,0.1746893435151727,0.2428229022712239,0.1763764523143947
0.24356659773500924,0.21069264009365052,0.2110035042256935,0.18934304572201563,0.14539421222363114
0.20562389554690846,0.06167375191116658,0.23815387822543127,0.2071517070849743,0.28739676723151947
