Column1,Column2,Column3,Column4,Column5
0.28522230947179594,0.12458953158274222,0.3227812231309555,0.1681827224470213,0.09922421336748513
0.05678492727713721,0.15063172364944935,0.34938523807699656,0.15241468432389468,0.2907834266725222
0.13849777999200158,0.2686695760148705,0.17401912103310124,0.24474239107451176,0.17407113188551487
0.23841469406345364,0.21545202601775107,0.2099825834047262,0.18660978944089748,0.14954090707317155
0.20663109605970217,0.06483224653365323,0.2312818159317864,0.210740774335082,0.28651406713977606
