Column1,Column2,Column3,Column4,Column5
0.2767880687085535,0.11042205324882384,0.316169051451764,0.16016259811376285,0.13645822847709585
0.06932179905885721,0.1604296531998893,0.34078932267395157,0.15737202890834087,0.272087196158961
0.12108677033652948,0.2383456415094767,0.2359399509979381,0.19765299257831104,0.20697464457774484
0.31363374248020554,0.21157068325042455,0.13630977497434288,0.20418975173548956,0.1342960475595375
0.2113579465634604,0.06091474736386631,0.26924965746480506,0.15585267710981138,0.30262497149805695
