Column1,Column2,Column3,Column4,Column5
0.30431432355851645,0.1042902548984284,0.3489182581331247,0.15410567492940971,0.08837148848052076
0.03997349395078456,0.10382251666564933,0.44116222713977166,0.0917683686805622,0.3232733935632323
0.11342081385740323,0.3061398565491785,0.14110616343911078,0.2759131494156086,0.16342001673869908
0.2660735947440568,0.2108104860206118,0.22222070242839204,0.18186117013379302,0.11903404667314621
0.20359805117148314,0.03953355963828395,0.24584124835529622,0.2043493205956909,0.3066778202392459
