Column1,Column2,Column3,Column4,Column5
0.2796834080841893,0.1307235748001135,0.319717303732229,0.16669540875639888,0.1031803046270695
0.061737268334592164,0.14690625232591506,0.355996661810029,0.14850782566991738,0.28685199185954635
0.1345636456069411,0.2760451366097685,0.16957493136140658,0.248602140028604,0.17121414639327984
0.24412428552308538,0.210639335367797,0.21208408281112268,0.18563624016539945,0.1475160561325957
0.20192863692339627,0.068263850997058,0.23355211791958072,0.20810391024820585,0.2881514839117592
