Column1,Column2,Column3,Column4,Column5
0.29358752744174677,0.11738952976586559,0.3298149843021821,0.16606310046815062,0.09314485802205512
0.05148558338439897,0.1345587364355922,0.38935655086269894,0.12599014702036324,0.2986089822969467
0.12184578194582535,0.2885546860269493,0.16369774313727936,0.25453425861323903,0.17136753027670715
0.25476093444571674,0.21115524305513503,0.20983541982092618,0.192004726860044,0.1322436758181781
0.20284546629285605,0.0528008053318543,0.23898737079428461,0.20975448838033828,0.29561186920066673
