Column1,Column2,Column3,Column4,Column5
0.30013248543610044,0.10545941632266788,0.3507321491066981,0.15632407739908036,0.0873518717354531
0.04573292551924363,0.11187859926405493,0.4210626362403289,0.10243256373118581,0.3188932752451867
0.1179083298977701,0.30119959556713644,0.14548145225960388,0.2698202556975128,0.1655903665779768
0.2607834927542539,0.2156359892769855,0.21611946582025152,0.19058031287572372,0.11688073927278533
0.20258549691371966,0.04160032319024974,0.24758544812203837,0.20315098261077388,0.3050777491632184
