Column1,Column2,Column3,Column4,Column5
0.2777610812957006,0.11303780367146445,0.31490337086431086,0.1604988645661983,0.13379887960232578
0.06728795907490755,0.1590293979055891,0.34647890203597265,0.15887468197908555,0.26832905900444504
0.12646062028710203,0.23267519930216551,0.23804523566809407,0.1942176214691001,0.20860132327353828
0.2994177815985125,0.232229344775981,0.11922924651580509,0.21354087110291808,0.13558275600678338
0.2132603974576322,0.05888769393468844,0.270794333026325,0.1570716642473046,0.29998591133404967
