Column1,Column2,Column3,Column4,Column5
0.29153243034915105,0.11511131474817561,0.3357893868879466,0.16150881916528007,0.0960580488494466
0.05350991670274125,0.12825578882333952,0.3957473253229702,0.12366713709921116,0.2988198320517377
0.12088344903710622,0.29199862237222585,0.15637213578395365,0.25627175360871257,0.17447403919800172
0.2556471988087686,0.21063691934913772,0.21224353193913695,0.19339925710275604,0.12807309280020068
0.2031502434552498,0.05368648159744763,0.240787507954848,0.2065126533388541,0.2958631136536006
