Column1,Column2,Column3,Column4,Column5
0.3009116164826388,0.10231734330843231,0.3506051975295142,0.15870653163704734,0.08745931104236726
0.04369385145046197,0.11396760530365391,0.42683844879208455,0.09541987062598528,0.3200802238278141
0.11848077455232885,0.30127618173051796,0.14494812356163317,0.2679499252212602,0.1673449949342599
0.2652055733263117,0.20706325975277406,0.221958764685941,0.19044430756958095,0.11532809466539229
0.20106312167746793,0.04642404275891266,0.24132695919401914,0.20696660167484518,0.30421927469475496
