Column1,Column2,Column3,Column4,Column5
0.30339327639217795,0.09268127732828066,0.3576182543370614,0.1590357781751392,0.0872714137673409
0.045015650764501945,0.11527093962370079,0.4317554525508108,0.08853507431292627,0.3194228827480603
0.11401099583863206,0.30124219478212505,0.14304972314158437,0.27083648745811273,0.1708605987795457
0.2669643571569075,0.2120685380225943,0.2203231561393105,0.1883041176836204,0.11233983099756732
0.20190354827481782,0.039011841163287826,0.2486582115034138,0.20359955852468328,0.3068268405337973
