Column1,Column2,Column3,Column4,Column5
0.30301260861101836,0.09556297214547707,0.3589222866162803,0.15279175895050795,0.08971037367671647
0.043409290137579236,0.11211996588211824,0.4320489104420079,0.09031018467486127,0.3221116488634334
0.1147082446383162,0.30840040061319074,0.13698159323036266,0.2768626920733757,0.16304706944475467
0.2674553385597274,0.20783648526472467,0.21775653737760248,0.1916321956701805,0.11531944312776475
0.20101664597724955,0.04210295148445358,0.24488477121054056,0.2045313900903273,0.307464241237429
