Column1,Column2,Column3,Column4,Column5
0.27720743955520816,0.1144458237415471,0.31365988695015834,0.1624935002314853,0.1321933495216011
0.07243793029033194,0.15341914956328048,0.3522349392385809,0.14535400576676685,0.2765539751410398
0.12084092512754047,0.23188121405987108,0.24026745994930254,0.2021863902281445,0.2048240106351417
0.31073236059719506,0.2241587016161645,0.13104307894980186,0.19236178839599846,0.14170407044084024
0.21082033366195085,0.05962092614115154,0.26794643915422056,0.1641032810116614,0.29750902003101554
