Column1,Column2,Column3,Column4,Column5
0.2914620605540198,0.11847482876321658,0.332286036629882,0.16312645254861366,0.09465062150426788
0.05173027324099805,0.1340053704954725,0.3889357446979312,0.12796067955308682,0.29736793201251155
0.12391028239935328,0.2875955730272648,0.15906534549267817,0.25981795560021476,0.16961084348048883
0.25229244131289164,0.2124267158916768,0.2135403900965157,0.18718683847591838,0.13455361422299744
0.20157950989982354,0.05449859629516939,0.2374856457446077,0.21373208004479272,0.2927041680156067
