Column1,Column2,Column3,Column4,Column5
0.3008131074182246,0.10003868853170676,0.34829320304099887,0.16221491419712186,0.08864008681194799
0.043748013502997576,0.1126811292842902,0.43506716493173186,0.08744903391485799,0.32105465836612246
0.11880590395158552,0.2959746215417122,0.1470807584269526,0.2709889256781653,0.1671497904015843
0.26567843937910923,0.20801495168350342,0.22046913416710762,0.1868598490460444,0.11897762572423524
0.2032462680142267,0.039882308360949005,0.2466218657127555,0.2056629655615503,0.3045865923505186
