Column1,Column2,Column3,Column4,Column5
0.302646215657672,0.09574582041117613,0.3587377729647901,0.15307700662037477,0.08979318434598708
0.043742117947633274,0.11294499263356321,0.4325129724030284,0.09038894022055154,0.3204109767952237
0.11424401979509205,0.304080677723203,0.13882730247438138,0.27801360301946404,0.1648343969878592
0.26580493640105135,0.21079307846482886,0.2172002510963515,0.1880230244582514,0.11817870957951683
0.203590786663628,0.03749747397812908,0.25168875440675764,0.20140598872388396,0.3058169962276012
