Column1,Column2,Column3,Column4,Column5
0.2729257917463812,0.15853064847971576,0.19948329374152718,0.1956508577027155,0.17340940832966018
0.06668821249216704,0.33017797951531286,0.06375965585141326,0.3498323767185297,0.18954177542257727
0.10715374742107092,0.11949512929687879,0.43641916438719597,0.08178049788514541,0.25515146100970887
0.3731413293551107,0.2004258423681014,0.002449808013242846,0.20329143169929415,0.22069158856425095
0.23897785881020941,0.06539335002605025,0.28995340493119903,0.13376218444076432,0.27191320179177697
