Column1,Column2,Column3,Column4,Column5
0.2755422191605641,0.153543569092129,0.2140085986795938,0.18343443685789837,0.17347117620981492
0.0708166239456032,0.3086579677612845,0.06675500593584954,0.3598492176861588,0.19392118467110372
0.10848245173444537,0.13036504913707514,0.43036586485812234,0.07523361525577733,0.2555530190145798
0.37536876369391936,0.1959128464172572,0.0033622550735537215,0.20172064206903523,0.2236354927462347
0.2339884290437298,0.07732206842711102,0.28363868686313154,0.1281030298978224,0.2769477857682054
