Column1,Column2,Column3,Column4,Column5
0.2723447138876635,0.15202202080079008,0.21727713690891776,0.18875811977423024,0.16959800862839863
0.07286947009755429,0.31605213647483915,0.06301872181763625,0.34627120621352564,0.20178846539644457
0.10895438610124389,0.1269455062318341,0.4314716145628687,0.0753936260841393,0.25723486701991427
0.3851214911896755,0.190246812472574,0.0065040353853974935,0.20741744061260867,0.21071022033974454
0.2354907529940966,0.07022172299552078,0.29165295527199286,0.12482121179264391,0.27781335694574605
