Column1,Column2,Column3,Column4,Column5
0.2747527184780779,0.15657797282160574,0.20597677356489655,0.18861225125345665,0.17408028388196312
0.06145488179146586,0.32682325318264144,0.06940560404261044,0.3510447962155704,0.19127146476771195
0.11461093519167344,0.11929243145037699,0.4332723172888433,0.07861168726385365,0.25421262880525264
0.37151323747895365,0.19641322858421054,0.0021470100841376335,0.21108951622259314,0.21883700763010508
0.24006886524818627,0.06759998055623002,0.2901259039835599,0.12584388796881307,0.27636136224321056
