Column1,Column2,Column3,Column4,Column5
0.2717682444068244,0.16309881769702475,0.19805887657854176,0.19446396788561116,0.17261009343199812
0.06640999910089114,0.3187955916068015,0.0675377557154815,0.3546990535072088,0.192557600069617
0.11104323302504158,0.12075272020831647,0.43318969790158657,0.07411449940406746,0.26089984946098776
0.38019160003375335,0.19537746988996516,0.0024321368413016764,0.2101657431446592,0.21183305009032058
0.23775873251106802,0.06779740126734311,0.2867767674762836,0.133397003255463,0.2742700954898426
