Column1,Column2,Column3,Column4,Column5
0.27283078771465286,0.15269902879541405,0.2157125609330313,0.19187520834872587,0.16688241420817596
0.06861814774835975,0.32171722878643,0.05253079960636583,0.3586845904117449,0.19844923344709958
0.1086842189325549,0.12703615719907904,0.43533379828301916,0.0787005886125968,0.2502452369727503
0.37569466820886394,0.19144888548293368,0.004113000962461671,0.2034086972649181,0.2253347480808225
0.23965433091230987,0.06544993678969561,0.29272505555832423,0.13105559085708152,0.2711150858825888
